email_id,timestamp,sender,subject
7a6b5c4d3e2f1082,2024-03-17T08:45:12Z,warehouse@fruitsupplier.com.au,Fwd: Re: Delivery Issues - Week of March 11
a7b8c9d0e1f23456,2024-03-19T11:45:33Z,marketing@officegear.net.au,FLASH SALE: Office Furniture Warehouse Clearance - Up to 80% OFF Everything!
p8q9r0s1t2u34567,2024-03-19T08:22:11Z,notifications@australianlottery.org,"WINNER NOTIFICATION: You've Won AUD $850,000 in the Australian Business Lottery!"
x9z8y7w6v5u43210,2024-03-18T15:47:22Z,deals@superoffers.biz,ðŸŽ‰ EXCLUSIVE: 70% OFF Premium Business Software - Limited Time!
6d5c4b3a29180e7f,2024-03-15T16:20:11Z,billing@bakinggoods.com.au,Invoice #BG-2024-447 - Bakery Supply Delivery
4a9b8c7d6e5f1234,2024-03-15T16:43:55Z,billing@bakinggoods.com.au,Invoice #BG-2024-447 - Bakery Supply Delivery
e6f7a8b9c0d1e2f3,2024-03-18T12:20:44Z,billing@homewaregoods.com.au,Invoice #HW-2024-556 - Homeware Products
8d7c6b5a49382716,2024-03-16T10:45:55Z,billing@seafoodexpress.com.au,Invoice #SE-2024-334 - Seafood Delivery
5b4a3928170f6e8d,2024-03-16T11:52:33Z,billing@seafoodexpress.com.au,Invoice #SE-2024-334 - Seafood Delivery
k2j3h4g5f6d78901,2024-03-18T16:12:45Z,investment@wealthbuilders.net,"Make $5,000+ Per Month Working From Home - Guaranteed Results!"
7f8a9b2c3d4e5f6a,2024-03-15T09:23:14Z,accounts@freshproduce.com.au,Question about Invoice #FP-2024-0892 - Payment Terms
e5f6a7b8c9d0e1f2,2024-03-15T09:25:47Z,accounts@freshproduce.com.au,URGENT: Invoice #FP-2024-0892 - Immediate Payment Required
b4c7d8e9f1a2b3c4,2024-03-15T09:24:33Z,accounts@freshproduce.com.au,Re: Invoice #FP-2024-0892 - Additional Information Required
3f2e1d0c9b8a7654,2024-03-17T13:25:33Z,quality@organicfarms.com.au,Quality Certification Update - March 2024
a1b2c3d4e5f67890,2024-03-18T07:15:22Z,emergency@meatworks.com.au,URGENT: Cold Storage Failure - Immediate Action Required
2e8f7a6b5c4d3210,2024-03-16T08:30:17Z,contracts@wholesalegrocery.com.au,Contract Renewal Discussion - 2024-2025 Terms
d4e5f6a7b8c9d135,2024-03-17T09:30:44Z,finance@beverageco.com.au,Credit Note Request - Damaged Goods
b9c8d7e6f5a43210,2024-03-18T09:33:17Z,marketing@snackfoods.com.au,New Product Launch - Promotion Support Request
a3b4c5d6e7f8a9b0,2024-03-15T09:26:15Z,accounts@freshproduce.com.au,Confirmation - Message Received Regarding Invoice #FP-2024-0892
c8d9e1f2a3b4c567,2024-03-16T13:15:28Z,support@cleaningsupplies.com.au,General Inquiry - Product Catalog Request
9e8d7c6b5a493827,2024-03-17T11:18:55Z,admin@smallsupplier.com.au,Contact Details Update
9c1d2e3f4a5b6c7d,2024-03-15T14:42:33Z,logistics@meatworks.com.au,CRITICAL: Product Recall - Batch MW2024-03-A
1f0e9d8c7b6a5948,2024-03-16T14:22:17Z,alerts@foodsafety.gov.au,URGENT: Food Safety Alert - Listeria Contamination
f8e7d6c5b4a39281,2024-03-15T15:15:22Z,invoicing@dairyco.com.au,Invoice Submission - DC-INV-2024-1567
m5n6b7v8c9x01234,2024-03-18T17:33:18Z,service@techsolutionsau.com,Your Website Security Certificate Has Expired - Immediate Action Required